Program,NTC,SSDL_Live_0,SSDL_Score_0,SSDL_MTDauto_0,ALL_Live_0,ALL_Score_0,ALL_MTDauto_0,SSDL_Live_1,SSDL_Score_1,SSDL_MTDauto_1,ALL_Live_1,ALL_Score_1,ALL_MTDauto_1,SSDL_Live_2,SSDL_Score_2,SSDL_MTDauto_2,ALL_Live_2,ALL_Score_2,ALL_MTDauto_2,SSDL_Live_3,SSDL_Score_3,SSDL_MTDauto_3,ALL_Live_3,ALL_Score_3,ALL_MTDauto_3
boundedQueue,0,41,0,0.42,1021,0,10.37,20.8,0.49,0.21,556.7,0.45,5.66,12.9,0.69,0.13,315.9,0.69,3.21,8.5,0.79,0.09,225.7,0.78,2.30
cal,0,11,0,0.11,820,0,8.33,3.8,0.65,0.04,406.1,0.50,4.13,1,0.91,0.01,198.2,0.76,2.02,0,1.00,0.00,111,0.86,1.13
Calculation,0,33,0,0.34,1012,0,10.28,22.8,0.31,0.23,740,0.27,7.52,16.3,0.51,0.17,566.2,0.44,5.76,7.8,0.76,0.08,319.9,0.68,3.26
checkIt,0,4,0,0.04,45,0,0.46,1.2,0.70,0.01,24.4,0.46,0.25,0,1.00,0.00,9,0.80,0.09,0,1.00,0.00,9,0.80,0.09
CheckPalindrome,0,8,0,0.08,145,0,1.47,5.6,0.30,0.06,69.9,0.52,0.71,3.9,0.51,0.04,51.7,0.64,0.53,2.2,0.73,0.02,26,0.82,0.26
countPositive,0,7,0,0.07,142,0,1.44,3.2,0.54,0.03,66.7,0.53,0.68,0,1.00,0.00,4.8,0.97,0.05,0,1.00,0.00,4,0.97,0.04
date-plus,0,88,0,0.89,2257,0,22.93,50.3,0.43,0.51,1350.6,0.40,13.73,35.6,0.60,0.36,993.6,0.56,10.11,31.1,0.65,0.32,851.4,0.62,8.67
DigitReverser,0,15,0,0.15,451,0,4.58,2,0.87,0.02,131,0.71,1.33,0,1.00,0.00,67,0.85,0.68,0,1.00,0.00,67,0.85,0.68
findLast,0,7,0,0.07,189,0,1.92,2.6,0.63,0.03,96.8,0.49,0.98,0,1.00,0.00,50,0.74,0.51,0,1.00,0.00,50,0.74,0.51
findVal,0,5,0,0.05,176,0,1.79,0.9,0.82,0.01,58.1,0.67,0.59,0,1.00,0.00,15,0.91,0.15,0,1.00,0.00,15,0.91,0.15
Gaussian,0,24,0,0.24,1058,0,10.75,12.8,0.47,0.13,486.2,0.54,4.94,9.2,0.62,0.09,327.6,0.69,3.33,7.6,0.68,0.08,284.5,0.73,2.90
Heap,0,36,0,0.37,975,0,9.90,11.2,0.69,0.11,303.3,0.69,3.08,3.2,0.91,0.03,105.9,0.89,1.08,0,1.00,0.00,50,0.95,0.51
InversePermutation,0,13,0,0.13,515,0,5.23,8.2,0.37,0.08,381.6,0.26,3.88,4.6,0.65,0.05,241.3,0.53,2.46,2.4,0.82,0.02,114.4,0.78,1.16
jday-jdate,0,31,0,0.31,2737,0,27.80,19.1,0.38,0.19,1705.7,0.38,17.34,4.8,0.85,0.05,517.7,0.81,5.27,2.7,0.91,0.03,284.7,0.90,2.90
lastZero,0,7,0,0.07,163,0,1.66,0,1.00,0.00,14,0.91,0.14,0,1.00,0.00,14,0.91,0.14,0,1.00,0.00,14,0.91,0.14
LRS,0,33,0,0.34,842,0,8.55,17,0.48,0.17,405,0.52,4.12,3.3,0.90,0.03,78.2,0.91,0.80,0,1.00,0.00,15,0.98,0.15
MergeSort,0,23,0,0.23,959,0,9.74,3.8,0.83,0.04,152.4,0.84,1.55,0.3,0.99,0.00,50.1,0.95,0.51,0,1.00,0.00,43,0.96,0.44
numZero,0,7,0,0.07,139,0,1.41,2.6,0.63,0.03,42.2,0.70,0.43,0,1.00,0.00,7,0.95,0.07,0,1.00,0.00,7,0.95,0.07
oddOrPos,0,7,0,0.07,290,0,2.95,4.3,0.39,0.04,215.3,0.26,2.19,0.2,0.97,0.00,84.4,0.71,0.86,0,1.00,0.00,64,0.78,0.65
pcal,0,128,0,1.30,5374,0,54.59,87.2,0.32,0.89,4078.5,0.24,41.46,54.4,0.58,0.55,2724.9,0.49,27.73,35.7,0.72,0.36,1807.4,0.66,18.41
power,0,9,0,0.09,260,0,2.64,4.6,0.49,0.05,135.9,0.48,1.38,1.8,0.80,0.02,65.7,0.75,0.67,0,1.00,0.00,10,0.96,0.10
printPrimes,0,24,0,0.24,638,0,6.48,6,0.75,0.06,159.8,0.75,1.62,1.2,0.95,0.01,42.4,0.93,0.43,0,1.00,0.00,12,0.98,0.12
print_tokens,0,203,0,2.06,3797,0,38.57,67.6,0.67,0.69,1137.6,0.70,11.57,41.2,0.80,0.42,662.2,0.83,6.74,31.7,0.84,0.32,530.7,0.86,5.40
print_tokens2,0,204,0,2.07,4056,0,41.20,103.5,0.49,1.05,1740.3,0.57,17.69,35.7,0.83,0.36,549.2,0.86,5.59,23.5,0.88,0.24,362.9,0.91,3.70
Queue,0,47,0,0.48,431,0,4.38,33.9,0.28,0.34,284,0.34,2.89,24.3,0.48,0.25,206.4,0.52,2.10,17.8,0.62,0.18,138.8,0.68,1.41
quicksort,0,22,0,0.22,960,0,9.75,3.7,0.83,0.04,219.5,0.77,2.23,1.4,0.94,0.01,111.9,0.88,1.14,1,0.95,0.01,74.9,0.92,0.76
RecursiveSelectionSort,0,14,0,0.14,518,0,5.26,4.5,0.68,0.05,129.6,0.75,1.32,0.5,0.96,0.01,45.1,0.91,0.46,0,1.00,0.00,22,0.96,0.22
replace,0,256,0,2.60,10635,0,108.03,139.3,0.46,1.42,7181,0.32,73.01,106.5,0.58,1.08,5843.3,0.45,59.46,79.7,0.69,0.81,4867.8,0.54,49.57
schedule,0,132,0,1.34,1903,0,19.33,53.1,0.60,0.54,856.8,0.55,8.71,26.2,0.80,0.27,482.8,0.75,4.91,11.6,0.91,0.12,262,0.86,2.67
schedule2,0,117,0,1.19,2210,0,22.45,54.6,0.53,0.56,1052,0.52,10.70,37,0.68,0.38,769.1,0.65,7.83,21,0.82,0.21,506.1,0.77,5.15
Stack,0,40,0,0.41,408,0,4.14,20.6,0.49,0.21,211.6,0.48,2.15,12.9,0.68,0.13,130,0.68,1.32,8.7,0.78,0.09,85.5,0.79,0.87
stats,0,15,0,0.15,767,0,7.79,3.5,0.77,0.04,308.5,0.60,3.14,0,1.00,0.00,56,0.93,0.57,0,1.00,0.00,56,0.93,0.57
sum,0,5,0,0.05,147,0,1.49,3.3,0.34,0.03,102.7,0.30,1.04,1.2,0.76,0.01,41.9,0.71,0.43,0,1.00,0.00,14,0.90,0.14
tcas,0,42,0,0.43,1965,0,19.96,32.5,0.23,0.33,1559.1,0.21,15.85,27.5,0.35,0.28,1325.7,0.33,13.49,23.3,0.45,0.24,1165.1,0.41,11.86
testPad,0,15,0,0.15,568,0,5.77,5.7,0.62,0.06,296,0.48,3.01,2.5,0.83,0.03,135.8,0.76,1.38,0.8,0.95,0.01,54.3,0.90,0.55
totinfo,0,126,0,1.28,6289,0,63.89,89.7,0.29,0.91,4462.3,0.29,45.37,65.6,0.48,0.67,3155.6,0.50,32.11,40.5,0.68,0.41,1717,0.73,17.48
trashAndTakeOut,0,14,0,0.14,580,0,5.89,3.8,0.73,0.04,264.8,0.54,2.69,0.9,0.94,0.01,122.3,0.79,1.24,0,1.00,0.00,61,0.89,0.62
twoPred,0,6,0,0.06,220,0,2.23,1.6,0.73,0.02,121.1,0.45,1.23,0,1.00,0.00,71,0.68,0.72,0,1.00,0.00,71,0.68,0.72
UnixCal,0,97,0,0.99,4512,0,45.83,55.8,0.42,0.57,2716.1,0.40,27.61,34.1,0.65,0.35,1671,0.63,17.00,24.2,0.75,0.25,1185,0.74,12.07
