2024-02-19 19:09:36.796673709+00:00;START gcc
2024-02-19 19:09:36.869618071+00:00;END gcc
2024-02-19 19:09:36.870718702+00:00;START test-new -research
2024-02-19 19:09:36.886146479+00:00;END test-new -research
2024-02-19 19:09:36.887150077+00:00;START instrum
2024-02-19 19:09:36.889891693+00:00;START instrum
2024-02-19 19:09:36.890908595+00:00;START gcc instrum
2024-02-19 19:09:36.961230746+00:00;END gcc instrum
2024-02-19 19:09:36.962217524+00:00;START muta-gen
2024-02-19 19:09:37.015992115+00:00;END muta-gen
2024-02-19 19:09:37.035951079+00:00;START tcase-add
2024-02-19 19:09:37.193570742+00:00;END tcase-add
2024-02-19 19:09:37.195608448+00:00;START exemuta
2024-02-19 19:10:57.718609329+00:00;END exemuta
2024-02-19 19:10:57.723320301+00:00;START muta -equiv
2024-02-19 19:10:57.730697422+00:00;END muta -equiv
2024-02-20 20:59:16.600361652+00:00;START muta -equiv
2024-02-20 20:59:16.607663487+00:00;END muta -equiv
2024-02-20 21:03:27.756401114+00:00;START muta -equiv
2024-02-20 21:03:27.761587355+00:00;END muta -equiv
