2025-05-27 21:51:13.210424610+01:00;START gcc
2025-05-27 21:51:13.377722896+01:00;END gcc
2025-05-27 21:51:13.378493016+01:00;START test-new -research
2025-05-27 21:51:13.407392875+01:00;END test-new -research
2025-05-27 21:51:13.408195035+01:00;START instrum
2025-05-27 21:51:13.411850456+01:00;START instrum
2025-05-27 21:51:13.412552765+01:00;START gcc instrum
2025-05-27 21:51:13.486313526+01:00;END gcc instrum
2025-05-27 21:51:13.487195369+01:00;START muta-gen
2025-05-27 21:51:13.556017211+01:00;END muta-gen
2025-05-27 21:51:13.577377856+01:00;START tcase-add
2025-05-27 21:51:14.188718629+01:00;END tcase-add
2025-05-27 21:51:14.190047970+01:00;START exemuta
2025-05-27 22:32:40.783807042+01:00;END exemuta
2025-05-27 22:32:40.800659637+01:00;START muta -equiv
2025-05-27 22:32:40.823279093+01:00;END muta -equiv
