2025-05-21 13:36:33.913248452+01:00;START gcc
2025-05-21 13:36:34.100720479+01:00;END gcc
2025-05-21 13:36:34.101430450+01:00;START test-new -research
2025-05-21 13:36:34.138775008+01:00;END test-new -research
2025-05-21 13:36:34.139509777+01:00;START instrum
2025-05-21 13:36:34.158949750+01:00;START instrum
2025-05-21 13:36:34.159728420+01:00;START gcc instrum
2025-05-21 13:36:34.410554664+01:00;END gcc instrum
2025-05-21 13:44:54.879623679+01:00;START tcase-add
2025-05-21 13:45:01.243916210+01:00;END tcase-add
2025-05-21 13:45:01.266463861+01:00;START exemuta
2025-05-21 13:45:34.051106776+01:00;END exemuta
2025-05-21 13:45:34.773353423+01:00;START muta -equiv
2025-05-21 13:45:34.980960468+01:00;END muta -equiv
